<?xml version="1.0" encoding="utf-8"?>
<!--/1936775/1069560/2.49/2/4/LED/-->
<quadcept_library>
  <setting unit="mil" />
  <textstyle name="Default" height="47.244094488189" strokewidth="7.8740157480315" charwidth="47.244094488189" />
  <textstyle name="Dimension" height="19.6850393700787" strokewidth="0" charwidth="19.6850393700787" />
  <textstyle name="H127W0635TH00762" height="50" strokewidth="3" charwidth="25" />
  <textstyle name="H15W15TH02" height="59.0551181102362" strokewidth="7.8740157480315" charwidth="59.0551181102362" />
  <padstyle name="r46_40" surface="True" plated="False" isvia="False" nopaste="False" nomask="True" complex="False" holesize="0">
    <padshape layer="TOP" shape="rectangle" width="15.748031496063" height="18.110236220472" />
    <padshape layer="TOP_SOLDER_MASK" shape="rectangle" width="23.622047244094" height="25.984251968504" />
    <padshape layer="TOP_SOLDER_PASTE" shape="rectangle" width="15.748031496063" height="18.110236220472" />
  </padstyle>
  <footprint name="150040GS73220" originx="0" originy="0" pickpointx="0" pickpointy="0">
    <pcbpin number="1" name="1" style="r46_40" originx="-19.685039370078" originy="0" rotation="0" />
    <pcbpin number="2" name="2" style="r46_40" originx="19.685039370078" originy="0" rotation="0" />
    <line layer="TOP_ASSEMBLY" originx="-19.685039370078" originy="-9.8425196850392" endx="19.685039370078" endy="-9.8425196850392" width="7.8740157480314" />
    <line layer="TOP_ASSEMBLY" originx="19.685039370078" originy="-9.8425196850392" endx="19.685039370078" endy="9.8425196850392" width="7.8740157480314" />
    <line layer="TOP_ASSEMBLY" originx="19.685039370078" originy="9.8425196850392" endx="-19.685039370078" endy="9.8425196850392" width="7.8740157480314" />
    <line layer="TOP_ASSEMBLY" originx="-19.685039370078" originy="9.8425196850392" endx="-19.685039370078" endy="-9.8425196850392" width="7.8740157480314" />
    <line layer="TOP_PLACE_BOUND" originx="-94.488188976377" originy="49.212598425196" endx="66.929133858267" endy="49.212598425196" width="3.9370078740157" />
    <line layer="TOP_PLACE_BOUND" originx="66.929133858267" originy="49.212598425196" endx="66.929133858267" endy="-49.212598425196" width="3.9370078740157" />
    <line layer="TOP_PLACE_BOUND" originx="66.929133858267" originy="-49.212598425196" endx="-94.488188976377" endy="-49.212598425196" width="3.9370078740157" />
    <line layer="TOP_PLACE_BOUND" originx="-94.488188976377" originy="-49.212598425196" endx="-94.488188976377" endy="49.212598425196" width="3.9370078740157" />
    <line layer="TOP_SILKSCREEN" originx="-51.181102362204" originy="0" endx="-51.181102362204" endy="0" width="7.8740157480314" />
    <arc layer="TOP_SILKSCREEN" originx="-53.149606299212" originy="0" startangle=".0" sweepangle="180.0" radius="1.9685039370079" width="7.8740157480314" />
    <line layer="TOP_SILKSCREEN" originx="-55.11811023622" originy="0" endx="-55.11811023622" endy="0" width="7.8740157480314" />
    <arc layer="TOP_SILKSCREEN" originx="-53.149606299212" originy="0" startangle="180.0" sweepangle="180.0" radius="1.9685039370079" width="7.8740157480314" />
    <line layer="TOP_SILKSCREEN" originx="-51.181102362204" originy="0" endx="-51.181102362204" endy="0" width="7.8740157480314" />
    <arc layer="TOP_SILKSCREEN" originx="-53.149606299212" originy="0" startangle=".0" sweepangle="180.0" radius="1.9685039370079" width="7.8740157480314" />
  </footprint>
  <symbol name="150040GS73220" originx="0" originy="0">
    <line originx="200" originy="100" endx="200" endy="-100" width="0" />
    <line originx="250" originy="100" endx="150" endy="200" width="0" />
    <line originx="350" originy="100" endx="250" endy="200" width="0" />
    <line originx="100" originy="0" endx="200" endy="0" width="0" />
    <line originx="400" originy="0" endx="500" endy="0" width="0" />
    <sympin number="1" originx="100" originy="0" rotation="180" length="100" width="7.8740157480315" flipped="False">
      <text name="pinname" originx="10" originy="-10" style="Default" rotation="0" justify="upperleft" flipped="False" hidden="True" data="K" />
      <text name="pindes" originx="60" originy="10" style="Default" rotation="0" justify="lowerright" flipped="False" hidden="False" data="1" />
    </sympin>
    <sympin number="2" originx="500" originy="0" rotation="0" length="100" width="7.8740157480315" flipped="False">
      <text name="pinname" originx="590" originy="-10" style="Default" rotation="0" justify="upperright" flipped="False" hidden="True" data="A" />
      <text name="pindes" originx="540" originy="10" style="Default" rotation="0" justify="lowerleft" flipped="False" hidden="False" data="2" />
    </sympin>
    <polygon type="polygon">
      <point x="200" y="0" />
      <point x="400" y="100" />
      <point x="400" y="-100" />
    </polygon>
    <polygon type="polygon">
      <point x="210" y="170" />
      <point x="180" y="140" />
      <point x="150" y="200" />
    </polygon>
    <polygon type="polygon">
      <point x="310" y="170" />
      <point x="280" y="140" />
      <point x="250" y="200" />
    </polygon>
  </symbol>
  <component name="150040GS73220" designatorprefix="LED" height="13.779527559055" footprint="150040GS73220">
    <comppin designator="1" sympin="1" pinswap="0" gateswap="0" gate="1" group="1" side="" type="Any" name="K" />
    <comppin designator="2" sympin="2" pinswap="0" gateswap="0" gate="1" group="1" side="" type="Any" name="A" />
    <attached_symbol gate="1" name="150040GS73220" />
    <pinmap designator="1" footprintpin="1" />
    <pinmap designator="2" footprintpin="2" />
    <text name="Datasheet" originx="0" originy="0" style="Default" rotation="0" justify="" flipped="False" hidden="True" data="" />
    <text name="Description" originx="0" originy="0" style="Default" rotation="0" justify="" flipped="False" hidden="True" data="WURTH ELEKTRONIK - 150040GS73220 - LED, Green, SMD, 0402, Rectangular, 3.3V/20mA Forward, 525nm, 750mcd, 120 Viewing Angle" />
    <text name="Mouser Part Number" originx="0" originy="0" style="Default" rotation="0" justify="" flipped="False" hidden="True" data="710-150040GS73220" />
    <text name="Mouser Price/Stock" originx="0" originy="0" style="Default" rotation="0" justify="" flipped="False" hidden="True" data="https://www.mouser.co.uk/ProductDetail/Wurth-Elektronik/150040GS73220?qs=u16ybLDytRZ9vktXLUK1Kg%3D%3D" />
    <text name="Manufacturer_Name" originx="0" originy="0" style="Default" rotation="0" justify="" flipped="False" hidden="True" data="Wurth Elektronik" />
    <text name="Manufacturer_Part_Number" originx="500" originy="250" style="Default" rotation="0" justify="lowerleft" flipped="False" hidden="False" data="150040GS73220" />
  </component>
</quadcept_library>
